/home/multiplicity/Multiplicity/Prime/ensembles/sigmatics-core/src/class_system.rs,pub enum Transform {
/home/multiplicity/Multiplicity/Prime/ensembles/sigmatics-core/src/class_system.rs,pub struct ClassSystem;
/home/multiplicity/Multiplicity/Prime/ensembles/sigmatics-core/src/class_system.rs,    pub fn decode_byte_to_components(byte
/home/multiplicity/Multiplicity/Prime/ensembles/sigmatics-core/src/class_system.rs,    pub fn encode_components_to_byte(c1
/home/multiplicity/Multiplicity/Prime/ensembles/sigmatics-core/src/class_system.rs,    pub fn apply_transform(byte
/home/multiplicity/Multiplicity/Prime/ensembles/sigmatics-core/src/class_system.rs,    pub fn compute_belt_address(class_index
/home/multiplicity/Multiplicity/Prime/ensembles/sigmatics-core/src/lexer.rs,pub enum TokenType {
/home/multiplicity/Multiplicity/Prime/ensembles/sigmatics-core/src/lexer.rs,pub struct Token {
/home/multiplicity/Multiplicity/Prime/ensembles/sigmatics-core/src/lexer.rs,    pub token_type
/home/multiplicity/Multiplicity/Prime/ensembles/sigmatics-core/src/lexer.rs,    pub value
/home/multiplicity/Multiplicity/Prime/ensembles/sigmatics-core/src/lexer.rs,    pub position
/home/multiplicity/Multiplicity/Prime/ensembles/sigmatics-core/src/lexer.rs,    pub length
/home/multiplicity/Multiplicity/Prime/ensembles/sigmatics-core/src/lexer.rs,pub struct Lexer {
/home/multiplicity/Multiplicity/Prime/ensembles/sigmatics-core/src/lexer.rs,    pub fn new(source
/home/multiplicity/Multiplicity/Prime/ensembles/sigmatics-core/src/lexer.rs,    pub fn tokenize(&mut self) -> Vec<Token> {
/home/multiplicity/Multiplicity/Prime/ensembles/sigmatics-core/src/parser.rs,pub enum Expr {
/home/multiplicity/Multiplicity/Prime/ensembles/sigmatics-core/src/parser.rs,pub struct Parser {
/home/multiplicity/Multiplicity/Prime/ensembles/sigmatics-core/src/parser.rs,    pub fn new(tokens
/home/multiplicity/Multiplicity/Prime/ensembles/sigmatics-core/src/parser.rs,    pub fn parse(&mut self) -> Result<Vec<Expr>, String> {
/home/multiplicity/Multiplicity/Prime/ensembles/sigmatics-core/src/rational.rs,pub struct Rational {
/home/multiplicity/Multiplicity/Prime/ensembles/sigmatics-core/src/rational.rs,    pub num
/home/multiplicity/Multiplicity/Prime/ensembles/sigmatics-core/src/rational.rs,    pub den
/home/multiplicity/Multiplicity/Prime/ensembles/sigmatics-core/src/rational.rs,    pub fn new(num
/home/multiplicity/Multiplicity/Prime/ensembles/sigmatics-core/src/rational.rs,    pub fn to_integer(&self) -> i64 {
/home/multiplicity/Multiplicity/Prime/ensembles/sigmatics-core/src/rational.rs,    pub fn reduce(&mut self) {
/home/multiplicity/Multiplicity/Prime/ensembles/sigmatics-core/src/rational.rs,    pub fn to_scaled_int(&self, q
/home/multiplicity/Multiplicity/Prime/ensembles/sigmatics-core/src/evaluator.rs,pub struct Evaluator {
/home/multiplicity/Multiplicity/Prime/ensembles/sigmatics-core/src/evaluator.rs,    pub fn new() -> Self {
/home/multiplicity/Multiplicity/Prime/ensembles/sigmatics-core/src/evaluator.rs,    pub fn evaluate_batch(&self, exprs
/home/multiplicity/Multiplicity/Prime/ensembles/sigmatics-core/src/evaluator.rs,    pub fn evaluate(&mut self, exprs
/home/multiplicity/Multiplicity/Prime/ensembles/sigmatics-core/src/matrix_runtime.rs,pub const ROWS
/home/multiplicity/Multiplicity/Prime/ensembles/sigmatics-core/src/matrix_runtime.rs,pub const COLS
/home/multiplicity/Multiplicity/Prime/ensembles/sigmatics-core/src/matrix_runtime.rs,pub const INDEX_SIZE
/home/multiplicity/Multiplicity/Prime/ensembles/sigmatics-core/src/matrix_runtime.rs,pub const NUM_ORBITS
/home/multiplicity/Multiplicity/Prime/ensembles/sigmatics-core/src/matrix_runtime.rs,pub const ORBIT_SIZE
/home/multiplicity/Multiplicity/Prime/ensembles/sigmatics-core/src/matrix_runtime.rs,pub enum ValidationStage {
/home/multiplicity/Multiplicity/Prime/ensembles/sigmatics-core/src/matrix_runtime.rs,pub struct MatrixRuntime {
/home/multiplicity/Multiplicity/Prime/ensembles/sigmatics-core/src/matrix_runtime.rs,    pub data
/home/multiplicity/Multiplicity/Prime/ensembles/sigmatics-core/src/matrix_runtime.rs,    pub stage
/home/multiplicity/Multiplicity/Prime/ensembles/sigmatics-core/src/matrix_runtime.rs,    pub fn new() -> Self {
/home/multiplicity/Multiplicity/Prime/ensembles/sigmatics-core/src/matrix_runtime.rs,    pub fn pack(p
/home/multiplicity/Multiplicity/Prime/ensembles/sigmatics-core/src/matrix_runtime.rs,    pub fn unpack(orbit
/home/multiplicity/Multiplicity/Prime/ensembles/sigmatics-core/src/matrix_runtime.rs,    pub fn act_u(&self, p
/home/multiplicity/Multiplicity/Prime/ensembles/sigmatics-core/src/matrix_runtime.rs,    pub fn transition_stage(&mut self, next
/home/multiplicity/Multiplicity/Prime/ensembles/sigmatics-core/src/matrix_runtime.rs,    pub fn map_expression_to_layout(&mut self, row
/home/multiplicity/Multiplicity/Prime/ensembles/sigmatics-core/src/matrix_runtime.rs,    pub fn to_scaled_tensor(&self, q
/home/multiplicity/Multiplicity/Prime/ensembles/sigmatics-core/src/matrix_runtime.rs,    pub fn compute_root_hash(&self) -> String {
/home/multiplicity/Multiplicity/Prime/ensembles/sigmatics-core/src/lib.rs,pub mod lexer;
/home/multiplicity/Multiplicity/Prime/ensembles/sigmatics-core/src/lib.rs,pub mod parser;
/home/multiplicity/Multiplicity/Prime/ensembles/sigmatics-core/src/lib.rs,pub mod evaluator;
/home/multiplicity/Multiplicity/Prime/ensembles/sigmatics-core/src/lib.rs,pub mod class_system;
/home/multiplicity/Multiplicity/Prime/ensembles/sigmatics-core/src/lib.rs,pub mod types;
/home/multiplicity/Multiplicity/Prime/ensembles/sigmatics-core/src/lib.rs,pub mod rational;
/home/multiplicity/Multiplicity/Prime/ensembles/sigmatics-core/src/lib.rs,pub mod matrix_runtime;
/home/multiplicity/Multiplicity/Prime/ensembles/sigmatics-core/src/lib.rs,pub mod ledger;
/home/multiplicity/Multiplicity/Prime/ensembles/sigmatics-core/src/lib.rs,pub use types
/home/multiplicity/Multiplicity/Prime/ensembles/sigmatics-core/src/lib.rs,pub use rational
/home/multiplicity/Multiplicity/Prime/ensembles/sigmatics-core/src/lib.rs,pub use matrix_runtime
/home/multiplicity/Multiplicity/Prime/ensembles/sigmatics-core/src/lib.rs,pub use ledger
/home/multiplicity/Multiplicity/Prime/ensembles/sigmatics-core/src/ledger.rs,pub struct LedgerBlock {
/home/multiplicity/Multiplicity/Prime/ensembles/sigmatics-core/src/ledger.rs,    pub sequence
/home/multiplicity/Multiplicity/Prime/ensembles/sigmatics-core/src/ledger.rs,    pub timestamp
/home/multiplicity/Multiplicity/Prime/ensembles/sigmatics-core/src/ledger.rs,    pub prev_hash
/home/multiplicity/Multiplicity/Prime/ensembles/sigmatics-core/src/ledger.rs,    pub root_hash
/home/multiplicity/Multiplicity/Prime/ensembles/sigmatics-core/src/ledger.rs,    pub action
/home/multiplicity/Multiplicity/Prime/ensembles/sigmatics-core/src/ledger.rs,    pub u
/home/multiplicity/Multiplicity/Prime/ensembles/sigmatics-core/src/ledger.rs,    pub signature
/home/multiplicity/Multiplicity/Prime/ensembles/sigmatics-core/src/ledger.rs,pub struct Ledger {
/home/multiplicity/Multiplicity/Prime/ensembles/sigmatics-core/src/ledger.rs,    pub chain
/home/multiplicity/Multiplicity/Prime/ensembles/sigmatics-core/src/ledger.rs,    pub const GENESIS
/home/multiplicity/Multiplicity/Prime/ensembles/sigmatics-core/src/ledger.rs,    pub fn new() -> Self {
/home/multiplicity/Multiplicity/Prime/ensembles/sigmatics-core/src/ledger.rs,    pub fn append(&mut self, root_hash
/home/multiplicity/Multiplicity/Prime/ensembles/sigmatics-core/src/ledger.rs,    pub fn verify(&self) -> bool {
/home/multiplicity/Multiplicity/Prime/ensembles/sigmatics-core/src/ledger.rs,    pub fn compute_hash(&self) -> String {
